Préhistoire;Protohistoire;Antiquité;Moyen-Age;Temps modernes;Epoque contemporaine
;Oui;Non;Non;Non;Non
;Non;Non;Non;Non;Non
;Non;Oui;Non;Non;Non
;Non;Oui;Non;Non;Non
;Non;Oui;Non;Non;Non
;Non;Non;Non;Oui;Non
;Non;Non;Oui;Oui;Non
;Non;Oui;Non;Non;Non
;Non;Non;Non;Non;Oui
;Non;Oui;Non;Non;Non
;Non;Non;Non;Non;Oui
;Non;Oui;Oui;Oui;Non
;Non;Oui;Non;Non;Non
;Non;Non;Oui;Oui;Non
;Non;Non;Oui;Oui;Non
;Non;Non;Non;Non;Non
;Non;Oui;Oui;Non;Non
;Non;Oui;Non;Non;Non
;Non;Oui;Non;Non;Non
;Non;Non;Non;Non;Oui
;Non;Oui;Non;Non;Non
;Non;Oui;Non;Non;Non
;Non;Non;Oui;Non;Non
;Non;Non;Oui;Non;Non
;Non;Non;Oui;Oui;Oui
;Non;Oui;Non;Non;Non
;Non;Non;Oui;Non;Non
;Non;Non;Oui;Non;Non
;Non;Non;Oui;Oui;Non
;Non;Oui;Non;Non;Non
;Non;Non;Non;Non;Non
;Non;Oui;Non;Non;Non
;Non;Oui;Non;Non;Non
;Non;Non;Non;Non;Non
;Non;Oui;Oui;Non;Non
;Non;Non;Non;Oui;Non
;Non;Oui;Non;Non;Non
;Non;Non;Non;Oui;Non
;Non;Non;Non;Non;Non
;Non;Non;Oui;Non;Non
;Non;Non;Oui;Oui;Non
;Non;Non;Oui;Oui;Non
;Non;Oui;Non;Non;Non
;Non;Non;Non;Oui;Non
;Non;Oui;Oui;Oui;Non
;Non;Oui;Non;Non;Non
;Non;Oui;Non;Oui;Non
;Non;Non;Oui;Non;Non
;Non;Oui;Non;Non;Non
;Non;Non;Oui;Non;Non
;Non;Non;Oui;Non;Non
;Non;Oui;Non;Oui;Non
;Non;Oui;Oui;Non;Non
;Non;Non;Non;Oui;Non
;Oui;Non;Non;Non;Non
;Non;Oui;Non;Non;Non
;Non;Non;Non;Non;Non
;Non;Oui;Oui;Non;Non
;Non;Non;Oui;Non;Non
;Non;Oui;Non;Non;Non
;Non;Non;Non;Non;Non
;Non;Non;Non;Non;Non
;Non;Oui;Non;Non;Non
;Non;Oui;Non;Non;Non
;Non;Oui;Oui;Non;Non
;Non;Non;Oui;Non;Non
;Non;Non;Non;Oui;Non
;Non;Oui;Non;Non;Non
;Non;Non;Oui;Non;Non
;Non;Non;Non;Non;Non
;Non;Oui;Non;Non;Non
;Non;Non;Non;Oui;Non
;Non;Oui;Oui;Oui;Non
;Non;Non;Oui;Non;Non
;Non;Oui;Non;Non;Non
;Non;Non;Non;Oui;Non
;Non;Oui;Non;Non;Non
;Non;Oui;Non;Non;Non
;Non;Oui;Non;Non;Non
;Non;Non;Non;Oui;Non
;Non;Non;Non;Oui;Non
;Non;Non;Non;Oui;Non
;Non;Oui;Non;Non;Non
;Non;Non;Oui;Oui;Non
;Non;Non;Non;Non;Non
;Non;Oui;Oui;Oui;Non
;Non;Non;Non;Non;Non
;Non;Oui;Non;Non;Non
;Non;Oui;Non;Non;Non
;Non;Non;Oui;Non;Non
;Non;Oui;Non;Non;Non
;Non;Oui;Non;Non;Non
;Non;Oui;Non;Non;Non
;Non;Oui;Non;Non;Non
;Oui;Non;Oui;Non;Non
;Non;Oui;Non;Non;Non
;Non;Non;Non;Non;Non
;Non;Oui;Oui;Non;Non
;Non;Non;Oui;Non;Non
;Non;Oui;Non;Non;Non
;Non;Non;Oui;Non;Non
;Non;Non;Non;Oui;Non
;Non;Non;Oui;Non;Non
;Non;Non;Non;Non;Non
;Non;Non;Non;Oui;Non
;Oui;Non;Non;Non;Non
;Non;Non;Non;Non;Non
;Non;Non;Non;Non;Non
;Non;Oui;Non;Oui;Non
;Non;Non;Oui;Non;Non
;Non;Non;Non;Non;Non
;Non;Non;Non;Oui;Non
;Non;Oui;Non;Non;Non
;Non;Oui;Non;Non;Non
;Non;Non;Oui;Non;Non
;Non;Non;Oui;Non;Non
;Non;Oui;Oui;Non;Non
;Non;Non;Oui;Oui;Non
;Non;Oui;Oui;Non;Non
;Non;Non;Non;Non;Non
;Non;Oui;Non;Non;Non
;Non;Oui;Non;Non;Non
;Non;Oui;Non;Oui;Non
;Non;Non;Non;Non;Non
;Non;Oui;Oui;Non;Non
;Non;Oui;Oui;Oui;Non
;Non;Non;Oui;Oui;Non
;Non;Oui;Non;Non;Non
;Non;Non;Non;Oui;Non
;Non;Non;Non;Oui;Non
;Non;Oui;Non;Non;Non
;Non;Non;Non;Oui;Non
;Non;Non;Non;Non;Non
;Non;Non;Oui;Non;Non
;Non;Non;Non;Oui;Non
;Non;Non;Non;Non;Non
;Non;Oui;Oui;Non;Non
;Non;Oui;Non;Non;Non
;Non;Oui;Non;Non;Non
;Non;Oui;Non;Non;Non
;Non;Non;Non;Oui;Non
;Non;Non;Oui;Oui;Non
;Non;Oui;Non;Non;Non
;Non;Oui;Non;Non;Non
;Non;Non;Non;Oui;Non
;Non;Non;Non;Oui;Non
;Non;Oui;Non;Non;Non
;Non;Non;Oui;Non;Non
;Non;Non;Non;Non;Non
;Non;Non;Non;Oui;Non
;Non;Oui;Non;Non;Non
;Non;Oui;Non;Non;Non
;Non;Oui;Non;Non;Non
;Non;Oui;Non;Non;Non
;Non;Non;Oui;Non;Non
;Non;Oui;Non;Non;Non
;Non;Oui;Non;Non;Non
;Non;Non;Non;Oui;Non
;Non;Non;Non;Non;Non
;Non;Non;Non;Oui;Non
;Non;Non;Non;Oui;Non
;Non;Non;Oui;Non;Non
;Non;Non;Oui;Non;Oui
;Non;Non;Non;Non;Oui
;Non;Non;Oui;Oui;Non
;Non;Non;Non;Oui;Non
;Non;Oui;Non;Non;Non
;Non;Non;Oui;Non;Non
;Non;Oui;Non;Non;Non
;Non;Non;Non;Oui;Non
;Non;Non;Oui;Non;Non
;Non;Oui;Oui;Non;Non
;Non;Non;Non;Non;Non
;Non;Oui;Non;Non;Non
;Non;Non;Non;Non;Non
;Oui;Oui;Non;Non;Non
;Non;Oui;Non;Non;Non
;Non;Non;Oui;Oui;Non
;Non;Oui;Non;Non;Non
;Non;Oui;Non;Oui;Non
;Non;Non;Oui;Non;Non
;Non;Non;Non;Non;Non
;Non;Oui;Non;Non;Non
;Non;Non;Non;Non;Oui
;Non;Oui;Non;Non;Non
;Non;Non;Oui;Oui;Non
;Non;Non;Oui;Non;Non
;Non;Non;Oui;Non;Non
;Non;Oui;Oui;Non;Non
;Non;Non;Non;Non;Non
;Non;Non;Oui;Oui;Non
;Non;Oui;Non;Non;Non
;Non;Oui;Oui;Non;Non
;Non;Non;Non;Oui;Non
;Non;Non;Oui;Non;Non
;Non;Non;Non;Non;Non
;Non;Non;Non;Non;Oui
;Non;Oui;Oui;Oui;Non
;Non;Non;Oui;Non;Non
;Non;Non;Non;Non;Non
;Non;Oui;Non;Non;Non
;Non;Oui;Non;Non;Non
;Non;Non;Non;Non;Non
;Non;Non;Non;Non;Non
;Non;Oui;Oui;Non;Non
;Non;Non;Non;Non;Non
;Non;Oui;Oui;Non;Non
;Non;Oui;Non;Non;Non
;Non;Non;Non;Non;Non
;Non;Non;Non;Oui;Non
;Non;Non;Non;Non;Non
;Non;Non;Non;Oui;Non
;Non;Oui;Non;Non;Non
;Non;Oui;Oui;Non;Non
;Non;Oui;Oui;Non;Non
;Non;Oui;Oui;Oui;Oui
;Non;Non;Oui;Oui;Non
;Non;Oui;Non;Non;Non
;Non;Oui;Non;Non;Non
;Non;Non;Non;Non;Non
;Non;Oui;Non;Oui;Non
;Non;Oui;Non;Non;Non
;Non;Oui;Non;Non;Non
;Non;Non;Oui;Non;Non
;Non;Oui;Oui;Non;Non
;Non;Non;Non;Oui;Non
;Non;Oui;Non;Non;Non
;Non;Oui;Non;Non;Non
;Non;Non;Non;Oui;Non
;Non;Non;Oui;Non;Non
;Non;Non;Non;Oui;Non
;Non;Non;Non;Oui;Non
;Non;Non;Non;Oui;Non
;Non;Oui;Oui;Non;Non
;Non;Non;Oui;Non;Non
;Non;Non;Non;Non;Non
;Non;Non;Oui;Non;Non
;Non;Non;Non;Non;Non
;Non;Oui;Non;Non;Non
;Non;Non;Oui;Oui;Non
;Non;Non;Oui;Non;Non
;Non;Non;Non;Oui;Non
;Non;Non;Oui;Oui;Non
;Non;Oui;Non;Non;Non
;Non;Non;Non;Non;Non
;Non;Oui;Non;Non;Non
;Non;Non;Oui;Non;Non
;Non;Non;Non;Oui;Non
;Non;Non;Non;Non;Oui
;Non;Oui;Non;Non;Non
;Non;Non;Non;Oui;Non
;Non;Oui;Non;Non;Non
;Non;Non;Non;Non;Non
;Non;Oui;Non;Non;Non
;Non;Non;Non;Oui;Non
;Non;Oui;Non;Non;Non
;Non;Non;Non;Non;Non
;Non;Non;Oui;Non;Non
;Non;Non;Non;Non;Non
;Non;Non;Oui;Non;Non
;Non;Oui;Non;Non;Non
;Non;Non;Non;Non;Non
;Non;Oui;Non;Non;Non
;Non;Non;Oui;Non;Non
;Non;Non;Oui;Non;Non
;Non;Non;Non;Oui;Non
;Non;Non;Oui;Oui;Non
;Non;Non;Non;Oui;Non
;Non;Non;Non;Non;Non
;Non;Oui;Oui;Non;Non
;Non;Oui;Non;Non;Non
;Non;Non;Non;Oui;Non
;Non;Non;Oui;Non;Non
;Non;Oui;Non;Non;Non
;Non;Oui;Oui;Oui;Non
;Non;Non;Oui;Non;Non
;Non;Non;Non;Oui;Non
;Non;Non;Non;Non;Oui
;Non;Non;Non;Non;Non
;Non;Non;Non;Non;Non
;Non;Oui;Oui;Oui;Oui
;Non;Non;Non;Oui;Non
;Non;Non;Oui;Non;Non
;Non;Non;Non;Non;Non
;Non;Oui;Oui;Non;Non
;Non;Non;Oui;Non;Non
;Non;Non;Oui;Non;Non
;Non;Oui;Oui;Oui;Non
;Non;Oui;Non;Non;Non
;Non;Oui;Non;Non;Non
;Non;Non;Non;Oui;Non
;Non;Oui;Non;Non;Non
;Non;Oui;Non;Non;Non
;Non;Oui;Non;Non;Non
;Non;Oui;Non;Non;Non
;Non;Non;Non;Oui;Non
;Non;Non;Non;Non;Non
;Non;Non;Non;Non;Non
;Non;Non;Non;Non;Non
;Non;Oui;Non;Non;Non
;Non;Oui;Non;Non;Non
;Non;Oui;Non;Non;Non
;Non;Oui;Oui;Oui;Non
;Non;Non;Non;Non;Non
;Non;Oui;Non;Non;Non
;Non;Oui;Non;Non;Non
;Non;Non;Non;Oui;Non
;Non;Non;Non;Oui;Non
;Non;Oui;Non;Non;Non
;Non;Oui;Oui;Non;Non
;Non;Oui;Non;Non;Non
;Non;Oui;Non;Non;Non
;Non;Non;Oui;Non;Non
;Non;Oui;Non;Non;Non
;Non;Non;Non;Oui;Oui
;Non;Non;Oui;Non;Non
;Non;Oui;Non;Non;Non
;Non;Oui;Non;Non;Non
;Non;Oui;Non;Oui;Non
;Non;Non;Oui;Oui;Non
;Non;Oui;Non;Non;Non
;Non;Non;Oui;Oui;Non
;Non;Oui;Oui;Non;Non
;Non;Oui;Non;Oui;Non
;Non;Non;Non;Non;Non
;Non;Oui;Oui;Non;Non
;Non;Non;Oui;Oui;Non
;Non;Non;Non;Non;Non
;Non;Oui;Non;Non;Non
;Non;Oui;Oui;Non;Non
;Non;Oui;Non;Non;Non
;Oui;Non;Non;Non;Non
;Non;Non;Oui;Oui;Non
;Non;Non;Non;Non;Oui
;Non;Non;Non;Non;Non
;Non;Non;Non;Non;Oui
;Non;Non;Oui;Non;Non
;Non;Oui;Oui;Non;Non
;Non;Oui;Non;Non;Non
;Non;Non;Non;Oui;Non
;Non;Oui;Oui;Oui;Non
;Non;Oui;Oui;Non;Non
;Non;Oui;Non;Oui;Non
;Non;Non;Non;Non;Oui
;Non;Oui;Non;Non;Non
;Non;Non;Non;Oui;Non
;Non;Oui;Oui;Oui;Non
;Non;Non;Oui;Non;Non
;Non;Oui;Non;Non;Non
;Non;Non;Non;Non;Non
;Non;Oui;Non;Non;Non
;Non;Non;Oui;Non;Non
;Non;Non;Non;Non;Non
;Non;Non;Non;Oui;Oui
;Oui;Non;Non;Non;Non
;Non;Non;Non;Oui;Non
;Non;Non;Non;Non;Non
;Non;Non;Oui;Oui;Non
;Non;Non;Non;Non;Non
;Non;Non;Oui;Non;Non
;Non;Oui;Non;Non;Non
;Non;Non;Non;Non;Non
;Non;Non;Oui;Non;Non
;Non;Non;Oui;Non;Non
;Non;Non;Oui;Oui;Non
;Oui;Oui;Non;Non;Non
;Non;Oui;Non;Non;Non
;Non;Non;Non;Non;Non
;Non;Non;Non;Non;Non
;Non;Non;Oui;Non;Non
;Non;Oui;Non;Non;Non
;Non;Oui;Oui;Non;Non
;Non;Non;Oui;Oui;Non
;Non;Non;Oui;Non;Non
;Non;Non;Non;Non;Oui
;Non;Non;Oui;Oui;Non
;Non;Non;Oui;Oui;Non
;Non;Oui;Non;Non;Non
;Non;Non;Oui;Non;Non
;Non;Non;Non;Non;Non
;Non;Oui;Non;Non;Non
;Non;Oui;Oui;Non;Non
;Non;Oui;Non;Non;Non
;Non;Oui;Non;Non;Non
;Non;Non;Oui;Oui;Non
;Non;Non;Non;Non;Non
;Non;Non;Oui;Oui;Non
;Non;Oui;Non;Non;Non
;Non;Oui;Oui;Oui;Oui
;Non;Non;Oui;Oui;Non
;Non;Oui;Non;Non;Non
;Non;Non;Oui;Non;Non
;Non;Oui;Non;Non;Non
;Non;Oui;Oui;Oui;Non
;Non;Non;Oui;Non;Non
;Non;Oui;Non;Non;Non
;Non;Non;Oui;Non;Non
;Non;Non;Non;Non;Non
;Non;Oui;Non;Non;Non
;Non;Non;Oui;Non;Non
;Non;Non;Oui;Oui;Non
;Non;Non;Oui;Non;Non
;Non;Non;Oui;Oui;Non
;Non;Non;Oui;Non;Non
;Non;Non;Oui;Oui;Non
;Non;Non;Oui;Non;Non
;Non;Non;Oui;Non;Non
;Non;Non;Non;Oui;Non
;Non;Oui;Oui;Non;Non
;Non;Non;Non;Oui;Non
;Non;Non;Non;Non;Non
;Non;Non;Non;Non;Non
;Non;Non;Non;Oui;Oui
;Non;Non;Oui;Oui;Non
;Non;Non;Non;Non;Non
;Non;Oui;Oui;Non;Non
;Non;Non;Non;Non;Non
;Non;Non;Non;Non;Non
;Non;Non;Non;Non;Non
;Non;Non;Oui;Oui;Non
;Non;Oui;Non;Non;Non
;Non;Oui;Non;Non;Non
;Non;Oui;Oui;Oui;Non
;Non;Non;Oui;Non;Non
;Non;Oui;Non;Non;Non
;Non;Oui;Oui;Non;Non
;Non;Oui;Non;Non;Non
;Non;Oui;Non;Non;Non
;Non;Oui;Non;Non;Non
;Non;Oui;Non;Oui;Non
;Non;Oui;Non;Non;Non
;Non;Oui;Non;Non;Non
;Non;Oui;Non;Non;Non
;Non;Oui;Non;Non;Non
;Non;Oui;Non;Non;Non
;Non;Non;Non;Non;Non
;Non;Non;Non;Oui;Non
;Non;Non;Non;Non;Non
;Non;Oui;Non;Non;Non
;Non;Non;Non;Non;Non
;Oui;Non;Non;Non;Non
;Non;Oui;Non;Non;Non
;Non;Non;Non;Oui;Non
;Non;Non;Non;Non;Non
;Non;Oui;Non;Non;Non
;Non;Non;Non;Oui;Oui
;Non;Oui;Non;Non;Non
;Non;Non;Non;Non;Oui
;Non;Non;Oui;Non;Non
;Non;Oui;Non;Non;Non
;Non;Non;Non;Non;Oui
;Non;Non;Non;Non;Non
;Non;Oui;Non;Oui;Non
;Non;Non;Non;Oui;Non
;Non;Oui;Non;Non;Non
;Non;Oui;Oui;Non;Non
;Non;Non;Non;Oui;Non
;Non;Non;Non;Oui;Non
;Non;Non;Oui;Non;Non
;Non;Oui;Non;Non;Non
;Non;Oui;Oui;Non;Non
;Non;Oui;Oui;Non;Non
;Non;Non;Non;Non;Non
;Non;Non;Non;Non;Non
;Non;Oui;Oui;Non;Non
;Non;Oui;Non;Non;Non
;Non;Non;Oui;Non;Non
;Non;Oui;Non;Non;Non
;Oui;Oui;Non;Non;Non
;Non;Oui;Non;Non;Non
;Non;Non;Non;Non;Non
;Non;Non;Non;Non;Oui
;Non;Non;Oui;Non;Non
;Non;Oui;Oui;Non;Non
;Non;Non;Non;Oui;Non
;Non;Oui;Oui;Non;Non
;Non;Non;Non;Non;Non
;Non;Non;Non;Non;Oui
;Non;Oui;Non;Non;Non
;Non;Non;Non;Non;Oui
;Non;Oui;Non;Non;Non
;Non;Oui;Oui;Non;Non
;Non;Non;Non;Non;Non
;Non;Non;Non;Oui;Non
;Non;Oui;Non;Oui;Non
;Non;Oui;Non;Non;Non
;Non;Oui;Non;Non;Non
;Non;Non;Oui;Non;Non
;Non;Oui;Non;Non;Non
;Non;Oui;Non;Non;Non
;Non;Oui;Non;Non;Non
;Non;Oui;Non;Non;Non
;Non;Non;Oui;Non;Oui
;Non;Non;Non;Oui;Non
;Non;Non;Non;Non;Oui
;Non;Oui;Non;Non;Non
;Non;Non;Oui;Non;Non
;Non;Oui;Non;Non;Non
;Non;Non;Oui;Non;Non
;Non;Oui;Non;Non;Non
;Non;Oui;Non;Non;Non
;Oui;Non;Oui;Non;Non
;Non;Non;Non;Non;Non
;Non;Oui;Non;Non;Non
;Non;Non;Non;Oui;Non
;Non;Non;Oui;Non;Non
;Non;Oui;Oui;Non;Non
;Non;Non;Non;Oui;Non
;Non;Oui;Non;Non;Non
;Non;Oui;Non;Non;Non
;Non;Non;Non;Oui;Non
;Non;Non;Non;Oui;Non
;Non;Non;Non;Oui;Oui
;Non;Oui;Oui;Non;Non
;Non;Non;Non;Non;Non
;Non;Oui;Non;Non;Non
;Non;Oui;Non;Non;Non
;Non;Non;Non;Oui;Non
;Non;Non;Non;Non;Non
;Non;Non;Oui;Non;Non
;Non;Non;Non;Oui;Non
;Non;Non;Oui;Oui;Non
;Non;Oui;Oui;Non;Non
;Non;Oui;Non;Non;Non
;Non;Non;Non;Non;Non
;Non;Non;Non;Non;Non
;Non;Oui;Non;Non;Non
;Non;Non;Oui;Oui;Non
;Non;Non;Oui;Oui;Non
;Non;Non;Oui;Oui;Non
;Non;Non;Oui;Non;Non
;Non;Non;Oui;Non;Non
;Non;Non;Non;Oui;Non
;Non;Non;Oui;Oui;Non
;Non;Non;Oui;Oui;Non
;Non;Non;Non;Oui;Non
;Non;Non;Non;Non;Non
;Non;Oui;Oui;Oui;Non
;Non;Non;Non;Non;Non
;Non;Non;Non;Oui;Non
;Non;Oui;Non;Non;Non
;Non;Non;Oui;Non;Non
;Non;Oui;Non;Non;Non
;Non;Non;Oui;Oui;Non
;Non;Oui;Oui;Non;Non
;Non;Oui;Non;Non;Non
;Non;Non;Non;Non;Oui
;Non;Non;Non;Non;Non
;Non;Non;Oui;Oui;Non
;Non;Non;Non;Non;Non
;Non;Non;Oui;Non;Non
;Non;Non;Oui;Oui;Non
;Non;Oui;Non;Non;Non
;Non;Oui;Non;Non;Non
;Non;Non;Non;Non;Non
;Non;Oui;Non;Non;Non
;Non;Non;Oui;Non;Non
;Non;Non;Non;Non;Non
;Non;Oui;Non;Non;Non
;Non;Oui;Non;Non;Non
;Non;Oui;Non;Non;Non
;Non;Oui;Oui;Oui;Non
;Non;Oui;Oui;Non;Non
;Non;Non;Oui;Non;Non
;Non;Non;Non;Oui;Non
;Non;Non;Non;Non;Non
;Non;Oui;Non;Non;Non
;Non;Non;Non;Oui;Non
;Non;Non;Non;Oui;Non
;Non;Oui;Non;Non;Non
;Non;Non;Non;Non;Non
;Non;Oui;Non;Non;Non
;Non;Oui;Non;Non;Non
;Non;Non;Non;Oui;Non
;Non;Non;Oui;Non;Non
;Non;Oui;Non;Non;Non
;Non;Non;Oui;Non;Non
;Non;Non;Oui;Non;Non
;Non;Oui;Non;Non;Non
;Non;Oui;Oui;Non;Non
;Non;Oui;Non;Non;Non
;Non;Oui;Non;Oui;Non
;Non;Oui;Oui;Non;Non
;Non;Non;Oui;Non;Non
;Non;Oui;Non;Oui;Non
;Non;Non;Non;Non;Non
;Non;Non;Oui;Non;Non
;Non;Oui;Non;Non;Non
;Non;Oui;Oui;Oui;Non
;Non;Non;Oui;Non;Non
;Non;Oui;Non;Non;Non
;Non;Non;Non;Oui;Non
;Non;Non;Oui;Non;Non
;Non;Oui;Non;Non;Non
;Non;Non;Oui;Oui;Non
;Non;Non;Non;Non;Non
;Non;Oui;Non;Non;Non
;Non;Non;Non;Non;Non
;Non;Non;Non;Non;Non
;Non;Non;Oui;Non;Non
;Non;Non;Non;Non;Non
;Non;Non;Oui;Non;Non
;Non;Non;Non;Non;Non
;Non;Non;Oui;Non;Non
;Non;Oui;Non;Non;Non
;Non;Non;Non;Oui;Non
;Non;Non;Non;Non;Non
;Non;Oui;Non;Non;Non
;Non;Non;Oui;Non;Non
;Non;Non;Non;Non;Oui
;Non;Oui;Oui;Non;Non
;Non;Non;Oui;Non;Non
;Non;Non;Non;Oui;Non
;Non;Non;Non;Oui;Non
;Non;Oui;Non;Oui;Non
;Oui;Non;Non;Non;Non
;Non;Non;Non;Non;Non
;Non;Non;Oui;Non;Non
;Non;Non;Non;Non;Non
;Non;Non;Non;Non;Oui
;Non;Oui;Oui;Non;Non
;Non;Non;Non;Non;Non
;Non;Non;Non;Non;Non
;Non;Non;Oui;Oui;Non
;Non;Oui;Oui;Non;Non
;Non;Oui;Non;Non;Non
;Non;Oui;Oui;Non;Non
;Non;Non;Non;Non;Non
;Non;Oui;Non;Oui;Non
;Non;Oui;Oui;Non;Non
;Non;Non;Non;Oui;Non
;Oui;Non;Non;Non;Non
;Non;Non;Non;Non;Non
;Non;Non;Oui;Oui;Non
;Oui;Non;Non;Non;Non
;Non;Oui;Non;Non;Non
;Non;Oui;Oui;Non;Non
;Non;Oui;Non;Non;Non
;Non;Non;Oui;Oui;Non
;Non;Non;Oui;Non;Non
;Non;Oui;Oui;Oui;Non
;Non;Oui;Non;Non;Non
;Non;Non;Non;Non;Non
;Non;Oui;Non;Non;Non
;Non;Non;Non;Non;Non
;Non;Non;Non;Non;Non
;Non;Non;Non;Oui;Non
;Oui;Oui;Non;Non;Oui
;Non;Oui;Oui;Non;Non
;Non;Non;Oui;Non;Non
;Non;Non;Non;Non;Oui
;Non;Oui;Non;Non;Non
;Non;Oui;Non;Non;Non
;Non;Non;Oui;Non;Non
;Non;Non;Non;Oui;Non
;Non;Non;Non;Oui;Non
;Non;Oui;Non;Non;Non
;Non;Non;Non;Oui;Non
;Non;Non;Non;Non;Non
;Non;Non;Non;Oui;Non
;Non;Non;Non;Oui;Non
;Non;Non;Non;Non;Oui
;Non;Non;Oui;Non;Non
;Non;Non;Oui;Non;Non
;Non;Non;Non;Oui;Oui
;Non;Oui;Oui;Non;Non
;Non;Non;Non;Non;Non
;Non;Non;Non;Non;Oui
;Non;Oui;Non;Non;Non
;Non;Non;Oui;Non;Non
;Non;Non;Non;Non;Non
;Non;Non;Oui;Non;Non
;Non;Non;Non;Non;Non
;Non;Non;Oui;Oui;Non
;Non;Non;Oui;Non;Non
;Non;Non;Non;Non;Non
;Non;Oui;Non;Non;Non
;Non;Oui;Oui;Non;Non
;Non;Oui;Non;Non;Non
;Non;Oui;Non;Non;Non
;Non;Non;Non;Non;Non
;Non;Oui;Oui;Non;Non
;Non;Non;Non;Non;Non
;Non;Oui;Non;Non;Non
;Non;Non;Non;Non;Non
;Non;Non;Non;Non;Non
;Non;Non;Non;Non;Oui
;Non;Non;Non;Oui;Non
;Non;Non;Oui;Non;Non
;Non;Oui;Non;Non;Non
;Non;Non;Oui;Non;Non
;Non;Non;Oui;Non;Non
;Non;Oui;Non;Non;Non
;Non;Oui;Non;Non;Non
;Non;Oui;Non;Non;Non
;Non;Non;Non;Oui;Non
;Non;Non;Non;Oui;Non
;Non;Oui;Non;Non;Non
;Non;Oui;Non;Non;Non
;Non;Non;Non;Non;Non
;Non;Oui;Non;Non;Non
;Non;Non;Non;Non;Non
;Non;Oui;Oui;Non;Non
;Non;Non;Non;Non;Oui
;Non;Non;Non;Oui;Non
;Non;Non;Non;Oui;Non
;Oui;Oui;Non;Non;Non
;Non;Non;Oui;Non;Non
;Non;Oui;Non;Non;Non
;Non;Oui;Non;Non;Non
;Non;Oui;Non;Non;Non
;Oui;Oui;Non;Non;Non
;Non;Non;Oui;Non;Non
;Non;Non;Oui;Oui;Non
;Non;Non;Oui;Non;Non
;Non;Oui;Non;Non;Non
;Non;Non;Non;Oui;Non
;Non;Oui;Oui;Non;Non
;Non;Non;Non;Non;Oui
;Non;Oui;Non;Non;Non
;Non;Oui;Non;Non;Non
;Non;Non;Non;Non;Non
;Non;Non;Non;Oui;Non
;Non;Oui;Non;Non;Non
;Non;Non;Oui;Non;Non
;Non;Oui;Non;Non;Non
;Non;Oui;Non;Non;Non
;Non;Oui;Oui;Non;Oui
;Non;Non;Non;Non;Non
;Non;Non;Non;Non;Non
;Non;Non;Non;Non;Non
;Non;Non;Non;Non;Non
;Non;Oui;Oui;Non;Non
;Non;Non;Oui;Non;Non
;Non;Non;Oui;Non;Non
;Non;Non;Non;Non;Non
;Non;Non;Oui;Non;Non
;Non;Non;Non;Oui;Non
;Non;Non;Oui;Non;Non
;Non;Non;Non;Oui;Non
;Non;Oui;Oui;Non;Non
;Non;Oui;Non;Oui;Non
;Non;Non;Non;Non;Non
;Non;Oui;Non;Non;Non
;Non;Non;Non;Oui;Non
;Non;Non;Non;Non;Oui
;Non;Oui;Non;Non;Non
;Non;Non;Non;Non;Non
;Non;Non;Non;Oui;Oui
;Non;Non;Oui;Non;Non
;Non;Oui;Non;Oui;Non
;Non;Oui;Non;Non;Non
;Non;Oui;Non;Non;Non
;Non;Non;Oui;Oui;Non
;Non;Oui;Non;Non;Non
;Non;Oui;Non;Non;Non
;Non;Non;Non;Non;Non
;Non;Non;Non;Non;Non
;Non;Oui;Non;Non;Non
;Non;Non;Oui;Oui;Non
;Oui;Non;Non;Non;Non
;Non;Non;Non;Oui;Non
;Non;Oui;Non;Non;Non
;Non;Non;Non;Non;Oui
;Non;Non;Oui;Non;Non
;Non;Oui;Oui;Non;Non
;Non;Oui;Oui;Non;Non
;Non;Non;Non;Non;Non
;Non;Oui;Non;Non;Non
;Non;Non;Non;Oui;Non
;Non;Non;Non;Oui;Non
;Non;Non;Non;Non;Non
;Non;Oui;Non;Non;Non
;Non;Non;Non;Oui;Non
;Oui;Non;Non;Non;Non
;Non;Non;Non;Non;Non
;Non;Oui;Non;Non;Non
;Non;Non;Oui;Non;Non
;Non;Non;Oui;Non;Non
;Non;Oui;Non;Non;Non
;Non;Non;Non;Non;Non
;Non;Oui;Non;Non;Non
;Non;Non;Non;Non;Non
;Non;Oui;Oui;Non;Non
;Non;Oui;Oui;Oui;Non
;Non;Oui;Non;Oui;Non
;Non;Oui;Non;Non;Non
;Non;Oui;Non;Non;Non
;Non;Non;Non;Oui;Non
;Non;Oui;Non;Non;Non
;Non;Oui;Non;Non;Non
;Non;Oui;Non;Non;Non
;Non;Oui;Non;Non;Non
;Non;Oui;Non;Non;Non
;Non;Oui;Non;Non;Non
;Non;Oui;Oui;Non;Non
;Non;Non;Oui;Oui;Non
;Non;Non;Oui;Non;Non
;Non;Oui;Oui;Oui;Non
;Non;Non;Non;Oui;Non
;Non;Oui;Non;Non;Non
;Non;Non;Oui;Oui;Non
;Oui;Non;Non;Non;Non
;Non;Oui;Non;Non;Non
;Non;Oui;Non;Non;Non
;Non;Oui;Oui;Non;Non
;Non;Non;Oui;Oui;Non
;Non;Non;Oui;Non;Non
;Non;Oui;Non;Non;Non
;Non;Oui;Non;Non;Non
;Non;Oui;Non;Non;Non
;Non;Non;Oui;Non;Non
;Non;Non;Non;Oui;Non
;Non;Non;Oui;Oui;Non
;Non;Non;Non;Non;Non
;Non;Oui;Non;Oui;Non
;Non;Oui;Non;Non;Non
;Non;Oui;Non;Non;Non
;Non;Oui;Non;Non;Non
;Non;Non;Non;Non;Oui
;Non;Oui;Non;Non;Non
;Non;Non;Oui;Non;Non
;Non;Non;Oui;Non;Non
;Non;Oui;Non;Non;Non
;Non;Non;Non;Non;Non
;Non;Non;Non;Oui;Non
;Non;Non;Non;Oui;Oui
;Non;Non;Non;Non;Non
;Non;Oui;Non;Non;Non
;Non;Oui;Oui;Non;Non
;Non;Non;Oui;Non;Non
;Non;Oui;Non;Non;Non
;Non;Non;Non;Non;Non
;Non;Oui;Oui;Oui;Non
;Non;Oui;Non;Non;Non
;Non;Non;Non;Non;Non
;Non;Non;Non;Oui;Oui
;Non;Oui;Oui;Non;Non
;Non;Oui;Non;Non;Non
;Non;Oui;Non;Non;Non
;Non;Non;Oui;Non;Non
;Non;Non;Oui;Oui;Non
;Non;Oui;Oui;Non;Non
;Non;Non;Non;Non;Non
;Non;Non;Oui;Non;Non
;Non;Non;Oui;Oui;Non
;Non;Oui;Non;Non;Non
;Non;Non;Oui;Non;Non
;Non;Non;Oui;Non;Non
;Non;Non;Oui;Non;Non
;Non;Non;Non;Non;Non
;Non;Non;Oui;Oui;Non
;Non;Oui;Non;Non;Non
;Non;Non;Oui;Non;Non
;Non;Non;Non;Oui;Non
;Non;Non;Oui;Non;Non
;Non;Non;Non;Non;Non
;Non;Non;Non;Oui;Non
;Non;Non;Oui;Non;Non
;Non;Non;Non;Non;Non
;Non;Oui;Non;Non;Non
;Non;Oui;Non;Non;Non
;Non;Oui;Non;Non;Non
;Non;Non;Non;Non;Non
;Non;Non;Oui;Non;Non
;Non;Non;Oui;Oui;Non
;Non;Non;Oui;Oui;Non
;Non;Non;Oui;Oui;Non
;Non;Oui;Oui;Oui;Non
;Non;Non;Non;Non;Oui
;Non;Non;Oui;Non;Non
;Non;Oui;Oui;Non;Non
;Non;Oui;Non;Non;Non
;Non;Non;Oui;Non;Non
;Non;Non;Non;Non;Non
;Non;Non;Non;Non;Non
;Non;Oui;Oui;Non;Non
;Non;Non;Non;Oui;Non
;Non;Oui;Non;Non;Non
;Non;Oui;Non;Non;Non
;Non;Non;Oui;Non;Non
;Non;Non;Oui;Oui;Non
;Non;Oui;Oui;Oui;Non
;Non;Oui;Non;Non;Non
;Non;Non;Oui;Non;Non
;Non;Non;Non;Non;Non
;Non;Oui;Non;Non;Non
;Non;Oui;Non;Non;Non
;Non;Oui;Oui;Non;Non
;Non;Non;Non;Oui;Non
;Non;Oui;Oui;Non;Non
;Non;Non;Non;Oui;Non
;Non;Non;Oui;Non;Non
;Non;Non;Oui;Non;Non
;Non;Non;Non;Oui;Oui
;Non;Non;Non;Non;Non
;Non;Oui;Non;Non;Non
;Non;Oui;Oui;Non;Non
;Non;Non;Non;Non;Non
;Non;Non;Non;Oui;Non
;Non;Non;Oui;Non;Non
;Non;Oui;Non;Non;Non
;Non;Oui;Non;Non;Non
;Non;Non;Non;Non;Non
;Non;Oui;Non;Non;Non
;Non;Non;Non;Non;Non
;Non;Oui;Non;Non;Non
;Non;Non;Non;Non;Oui
;Non;Oui;Non;Non;Non
;Non;Oui;Non;Non;Non
;Non;Oui;Non;Oui;Non
;Non;Non;Non;Oui;Non
;Non;Oui;Oui;Non;Non
;Non;Oui;Non;Non;Non
;Non;Oui;Oui;Non;Non
;Non;Oui;Oui;Non;Non
;Non;Oui;Non;Non;Non
;Non;Non;Oui;Non;Non
;Non;Non;Oui;Non;Non
;Non;Oui;Non;Non;Non
;Non;Oui;Non;Non;Non
;Non;Oui;Oui;Non;Non
;Non;Non;Non;Oui;Non
;Non;Oui;Non;Non;Non
;Non;Oui;Non;Non;Non
;Non;Oui;Non;Non;Non
;Non;Oui;Non;Non;Non
;Non;Non;Non;Non;Non
;Non;Oui;Oui;Non;Non
;Non;Oui;Non;Non;Non
;Non;Oui;Non;Non;Non
;Non;Non;Oui;Non;Non
;Non;Oui;Non;Non;Non
;Non;Non;Oui;Non;Non
;Non;Non;Oui;Non;Non
;Non;Non;Oui;Non;Non
;Non;Non;Non;Non;Non
;Non;Non;Oui;Non;Non
;Non;Oui;Oui;Non;Non
;Non;Non;Non;Oui;Non
;Non;Non;Non;Oui;Non
;Non;Non;Oui;Non;Non
;Non;Non;Non;Non;Non
;Non;Oui;Non;Oui;Non
;Non;Non;Non;Oui;Non
;Non;Oui;Non;Non;Non
;Non;Non;Oui;Non;Non
;Non;Non;Non;Oui;Non
;Non;Non;Oui;Non;Non
;Non;Oui;Non;Non;Non
;Non;Non;Non;Non;Non
;Non;Non;Non;Non;Non
;Non;Oui;Oui;Non;Non
;Non;Non;Oui;Non;Non
;Non;Non;Non;Non;Non
;Non;Non;Non;Non;Non
;Non;Oui;Oui;Non;Non
;Non;Non;Oui;Non;Non
;Non;Oui;Non;Non;Non
;Non;Non;Non;Oui;Non
;Non;Oui;Oui;Oui;Non
;Non;Non;Non;Non;Non
;Non;Oui;Oui;Non;Non
;Non;Non;Oui;Non;Non
;Non;Non;Non;Non;Non
;Non;Oui;Non;Non;Non
;Non;Oui;Non;Non;Non
;Non;Oui;Non;Non;Non
;Non;Non;Oui;Oui;Non
;Non;Non;Oui;Non;Non
;Non;Non;Oui;Non;Non
;Non;Oui;Non;Non;Non
;Non;Oui;Non;Non;Non
;Non;Non;Oui;Non;Non
;Non;Non;Non;Non;Non
;Non;Non;Oui;Non;Non
;Non;Non;Non;Oui;Non
;Non;Non;Non;Oui;Non
;Non;Non;Non;Non;Non
;Non;Non;Non;Oui;Oui
;Non;Oui;Non;Non;Non
;Non;Oui;Non;Non;Non
;Non;Non;Non;Non;Oui
;Non;Oui;Non;Non;Non
;Non;Oui;Non;Non;Non
;Non;Non;Non;Non;Non
;Non;Oui;Non;Non;Non
;Non;Oui;Non;Non;Non
;Non;Oui;Non;Non;Non
;Non;Oui;Oui;Non;Non
;Non;Oui;Oui;Non;Non
;Non;Non;Non;Non;Non
;Non;Non;Non;Non;Non
;Non;Non;Non;Oui;Non
;Non;Non;Oui;Non;Non
;Non;Oui;Oui;Oui;Non
;Non;Oui;Non;Non;Non
;Non;Oui;Non;Non;Non
;Non;Non;Non;Non;Non
;Non;Oui;Non;Non;Non
;Non;Non;Oui;Non;Non
;Non;Non;Oui;Non;Non
;Non;Oui;Non;Non;Non
;Non;Non;Oui;Non;Non
;Non;Non;Oui;Non;Non
;Non;Oui;Non;Non;Non
;Non;Oui;Non;Non;Non
;Non;Oui;Oui;Non;Non
;Oui;Non;Non;Non;Non
;Non;Non;Oui;Non;Oui
;Non;Oui;Non;Non;Non
;Non;Non;Non;Non;Non
;Non;Non;Non;Oui;Non
;Non;Non;Non;Non;Oui
;Oui;Oui;Non;Non;Non
;Non;Oui;Non;Non;Non
;Non;Non;Non;Non;Non
;Non;Oui;Oui;Non;Non
;Non;Oui;Non;Non;Non
;Non;Oui;Non;Non;Non
;Non;Oui;Non;Non;Non
;Non;Non;Oui;Non;Non
;Non;Non;Non;Oui;Non
;Non;Non;Non;Non;Oui
;Non;Non;Oui;Non;Non
;Non;Oui;Non;Non;Non
;Non;Oui;Non;Non;Non
;Non;Non;Non;Oui;Non
;Non;Non;Non;Non;Non
;Non;Non;Non;Non;Non
;Non;Oui;Non;Non;Non
;Non;Non;Non;Oui;Non
;Non;Oui;Non;Non;Non
;Non;Oui;Non;Oui;Non
;Non;Oui;Oui;Non;Non
;Non;Oui;Non;Non;Non
;Non;Non;Non;Oui;Oui
;Non;Non;Non;Non;Non
;Non;Non;Non;Non;Non
;Non;Non;Oui;Non;Non
;Non;Non;Non;Oui;Non
;Non;Non;Non;Non;Non
;Non;Oui;Non;Non;Non
;Non;Non;Oui;Non;Non
;Non;Non;Non;Oui;Non
;Non;Non;Non;Oui;Non
;Non;Non;Oui;Non;Non
;Non;Non;Non;Non;Oui
;Non;Non;Non;Non;Oui
;Non;Non;Non;Oui;Non
;Non;Oui;Non;Non;Non
;Non;Non;Non;Oui;Non
;Non;Oui;Non;Non;Non
;Non;Non;Non;Non;Non
;Non;Non;Oui;Non;Non
;Non;Oui;Non;Non;Non
;Non;Oui;Oui;Oui;Non
;Non;Oui;Oui;Non;Non
;Non;Non;Oui;Non;Non
;Non;Non;Oui;Non;Non
;Non;Non;Oui;Non;Non
;Non;Oui;Oui;Non;Non
;Non;Non;Oui;Non;Non
;Non;Non;Oui;Oui;Oui
;Non;Non;Oui;Non;Non
;Non;Non;Non;Oui;Non
;Non;Oui;Non;Non;Non
;Non;Oui;Oui;Non;Non
;Non;Oui;Non;Non;Non
;Non;Non;Non;Oui;Non
;Non;Oui;Non;Non;Non
;Non;Non;Non;Non;Non
;Non;Oui;Non;Non;Non
;Non;Oui;Non;Non;Non
;Non;Oui;Non;Non;Non
;Non;Oui;Oui;Non;Non
;Non;Oui;Non;Non;Non
;Non;Oui;Non;Non;Non
;Non;Oui;Non;Non;Non
;Non;Oui;Oui;Non;Non
;Non;Oui;Non;Non;Non
;Non;Oui;Non;Non;Non
;Non;Oui;Non;Non;Non
;Non;Oui;Non;Non;Non
;Non;Non;Non;Non;Non
;Non;Non;Oui;Non;Non
;Non;Oui;Non;Non;Non
;Non;Non;Oui;Oui;Non
;Non;Non;Non;Non;Non
;Non;Non;Non;Non;Non
;Non;Non;Oui;Non;Non
;Non;Non;Oui;Oui;Non
;Non;Oui;Non;Non;Non
;Non;Oui;Non;Non;Non
;Non;Oui;Oui;Non;Non
;Non;Non;Non;Oui;Non
;Non;Non;Non;Non;Non
;Non;Non;Oui;Non;Non
;Non;Non;Non;Oui;Non
;Non;Non;Non;Non;Non
;Non;Non;Oui;Oui;Non
;Non;Non;Non;Non;Non
;Non;Non;Non;Oui;Non
;Non;Non;Oui;Non;Non
;Non;Non;Non;Non;Oui
;Non;Oui;Non;Non;Non
;Non;Non;Non;Non;Non
;Non;Oui;Non;Non;Non
;Non;Non;Non;Non;Oui
;Non;Non;Oui;Non;Non
;Non;Non;Non;Oui;Non
;Non;Oui;Oui;Oui;Non
;Non;Non;Non;Oui;Non
;Non;Oui;Non;Oui;Non
;Non;Oui;Oui;Oui;Non
;Oui;Non;Non;Non;Oui
;Non;Non;Non;Oui;Non
;Non;Non;Oui;Oui;Non
;Non;Non;Non;Oui;Non
;Non;Non;Oui;Non;Non
;Non;Non;Non;Non;Non
;Non;Oui;Non;Non;Non
;Non;Oui;Non;Non;Non
;Non;Non;Oui;Non;Non
;Non;Oui;Non;Non;Non
;Non;Non;Non;Non;Non
;Non;Non;Non;Non;Non
;Non;Oui;Oui;Non;Non
;Non;Non;Non;Non;Non
;Non;Non;Oui;Oui;Non
;Non;Non;Non;Non;Non
;Non;Oui;Non;Non;Non
;Non;Non;Oui;Oui;Non
;Non;Non;Non;Non;Non
;Non;Oui;Non;Non;Non
;Non;Non;Non;Oui;Non
;Non;Non;Oui;Oui;Non
;Non;Non;Oui;Non;Non
;Non;Non;Non;Oui;Non
;Non;Oui;Non;Non;Non
;Non;Oui;Oui;Oui;Non
;Non;Non;Oui;Non;Non
;Non;Non;Oui;Non;Non
;Non;Oui;Non;Non;Non
;Non;Oui;Non;Non;Non
;Non;Oui;Non;Non;Non
;Non;Oui;Non;Non;Non
;Non;Non;Oui;Non;Non
;Non;Non;Non;Non;Non
;Non;Oui;Oui;Non;Non
;Non;Oui;Non;Non;Non
;Non;Non;Non;Non;Non
;Oui;Non;Non;Non;Non
;Non;Non;Non;Non;Oui
;Non;Non;Oui;Non;Non
;Non;Oui;Non;Non;Non
;Non;Non;Oui;Non;Non
;Non;Non;Non;Non;Oui
;Non;Non;Non;Oui;Non
;Non;Non;Non;Non;Non
;Non;Non;Non;Oui;Non
;Non;Non;Oui;Non;Non
;Non;Non;Non;Non;Non
;Non;Non;Oui;Non;Non
;Non;Non;Oui;Non;Non
;Non;Non;Oui;Oui;Non
;Non;Non;Non;Non;Non
;Non;Non;Non;Non;Non
;Non;Non;Non;Oui;Non
;Non;Oui;Oui;Non;Non
;Non;Non;Non;Oui;Non
;Non;Non;Oui;Non;Non
;Non;Non;Non;Oui;Non
;Non;Oui;Non;Non;Non
;Non;Oui;Non;Non;Non
;Non;Oui;Non;Non;Non
;Non;Non;Oui;Oui;Oui
;Non;Non;Oui;Oui;Non
;Non;Non;Oui;Non;Non
;Non;Non;Non;Non;Non
;Non;Non;Oui;Oui;Non
;Non;Oui;Non;Non;Non
;Non;Non;Oui;Oui;Non
;Non;Non;Non;Oui;Non
;Non;Non;Oui;Oui;Non
;Non;Oui;Non;Non;Non
;Non;Non;Non;Non;Non
;Non;Non;Non;Oui;Non
;Non;Non;Oui;Non;Non
;Non;Non;Oui;Non;Non
;Non;Non;Oui;Oui;Non
;Non;Non;Oui;Non;Non
;Non;Non;Oui;Non;Non
;Non;Oui;Oui;Non;Non
;Non;Non;Non;Oui;Non
;Non;Non;Oui;Non;Non
;Non;Non;Oui;Non;Non
;Non;Oui;Oui;Non;Non
;Non;Non;Oui;Oui;Non
;Non;Non;Non;Non;Non
;Non;Oui;Oui;Non;Non
;Oui;Non;Oui;Oui;Non
;Non;Oui;Non;Non;Non
;Non;Oui;Non;Non;Non
;Non;Oui;Non;Non;Non
;Non;Oui;Non;Oui;Non
;Non;Non;Non;Non;Non
;Non;Non;Oui;Oui;Non
;Non;Oui;Oui;Non;Non
;Non;Oui;Non;Non;Non
;Non;Oui;Non;Non;Non
;Non;Non;Non;Non;Non
;Non;Non;Non;Non;Non
;Non;Oui;Oui;Oui;Non
;Non;Non;Oui;Non;Non
;Non;Non;Non;Oui;Non
;Non;Non;Oui;Non;Non
;Non;Non;Oui;Non;Non
;Non;Oui;Oui;Non;Non
;Non;Oui;Non;Non;Non
;Non;Oui;Oui;Non;Non
;Non;Non;Non;Non;Non
;Non;Oui;Non;Non;Non
;Non;Non;Non;Oui;Non
;Non;Non;Non;Non;Non
;Non;Non;Non;Non;Oui
;Non;Non;Non;Non;Non
;Non;Oui;Oui;Non;Non
;Non;Non;Oui;Non;Non
;Non;Non;Oui;Non;Non
;Non;Oui;Non;Non;Non
;Non;Non;Non;Oui;Non
;Non;Oui;Oui;Non;Non
;Non;Non;Oui;Non;Non
;Non;Non;Non;Oui;Non
;Non;Oui;Non;Non;Non
;Non;Oui;Non;Non;Non
;Non;Non;Non;Non;Oui
;Non;Oui;Non;Non;Non
;Non;Non;Non;Non;Non
;Non;Oui;Non;Non;Non
;Non;Non;Non;Non;Non
;Non;Non;Non;Non;Non
;Non;Oui;Oui;Non;Non
;Non;Oui;Non;Non;Non
;Non;Non;Non;Non;Non
;Non;Oui;Non;Oui;Non
;Non;Non;Non;Oui;Non
;Non;Oui;Non;Non;Non
;Non;Oui;Non;Non;Non
;Non;Oui;Non;Non;Non
;Non;Oui;Non;Non;Non
;Non;Oui;Non;Non;Non
;Non;Oui;Non;Non;Non
;Non;Non;Non;Oui;Non
;Oui;Non;Non;Oui;Non
;Non;Oui;Non;Non;Non
;Non;Oui;Non;Non;Non
;Non;Oui;Non;Oui;Non
;Oui;Non;Non;Non;Non
;Non;Non;Non;Non;Oui
;Non;Oui;Oui;Non;Non
;Non;Non;Oui;Non;Non
;Non;Non;Oui;Non;Non
;Non;Oui;Non;Non;Non
;Non;Oui;Non;Non;Non
;Non;Oui;Non;Non;Non
;Non;Oui;Oui;Non;Non
;Non;Oui;Non;Non;Non
;Non;Non;Oui;Non;Non
;Non;Oui;Non;Non;Non
;Non;Non;Non;Non;Non
;Non;Oui;Oui;Oui;Non
;Non;Non;Oui;Oui;Non
;Non;Non;Oui;Non;Non
;Non;Non;Non;Non;Non
;Non;Oui;Non;Non;Non
;Non;Oui;Non;Non;Non
;Non;Non;Oui;Non;Non
;Non;Non;Non;Oui;Non
;Non;Non;Non;Non;Non
;Non;Non;Oui;Non;Non
;Non;Oui;Oui;Non;Non
;Non;Oui;Oui;Oui;Non
;Non;Non;Non;Non;Non
;Non;Non;Non;Non;Non
;Non;Non;Oui;Non;Non
;Non;Oui;Non;Non;Non
;Non;Oui;Non;Non;Non
;Non;Non;Non;Non;Non
;Non;Oui;Non;Non;Non
;Non;Oui;Non;Non;Non
;Non;Oui;Non;Non;Non
;Non;Non;Non;Oui;Non
;Non;Non;Oui;Oui;Non
;Non;Oui;Oui;Oui;Non
;Non;Non;Oui;Non;Non
;Non;Non;Oui;Non;Non
;Non;Oui;Non;Non;Non
;Non;Non;Non;Non;Non
;Non;Non;Non;Non;Non
;Non;Non;Oui;Non;Non
;Non;Non;Oui;Non;Non
;Non;Non;Non;Oui;Oui
;Non;Oui;Oui;Non;Non
;Non;Oui;Oui;Non;Non
;Non;Non;Non;Non;Non
;Non;Oui;Non;Non;Non
;Non;Oui;Non;Non;Non
;Non;Non;Oui;Non;Non
;Non;Non;Oui;Non;Non
;Non;Non;Non;Oui;Oui
;Non;Oui;Non;Non;Non
;Non;Non;Oui;Non;Non
;Non;Non;Non;Non;Non
;Non;Non;Oui;Non;Non
;Non;Non;Non;Oui;Non
;Non;Oui;Non;Oui;Non
;Non;Non;Non;Non;Non
;Non;Non;Non;Oui;Non
;Non;Non;Non;Non;Non
;Non;Non;Oui;Non;Non
;Non;Oui;Non;Non;Non
;Non;Oui;Non;Non;Non
;Non;Non;Non;Non;Non
;Non;Oui;Oui;Non;Non
;Non;Non;Oui;Non;Non
;Oui;Non;Non;Oui;Oui
;Non;Oui;Non;Non;Non
;Non;Non;Non;Non;Non
;Non;Oui;Non;Non;Non
;Non;Non;Oui;Non;Non
;Non;Non;Oui;Non;Non
;Non;Non;Oui;Non;Oui
;Non;Non;Non;Oui;Non
;Non;Non;Oui;Non;Non
;Non;Oui;Oui;Non;Non
;Non;Oui;Non;Non;Non
;Non;Oui;Oui;Non;Non
;Non;Non;Non;Non;Oui
;Non;Oui;Non;Non;Non
;Non;Oui;Non;Non;Non
;Non;Non;Non;Non;Non
;Non;Oui;Non;Non;Non
;Non;Oui;Non;Non;Non
;Non;Non;Non;Non;Non
;Non;Non;Oui;Non;Non
;Non;Oui;Non;Oui;Non
;Non;Oui;Non;Non;Non
;Non;Oui;Oui;Non;Non
;Non;Non;Oui;Non;Non
;Non;Non;Non;Oui;Non
;Non;Non;Oui;Non;Oui
;Non;Non;Non;Non;Non
;Non;Oui;Non;Non;Non
;Non;Oui;Oui;Non;Non
;Non;Oui;Oui;Non;Non
;Non;Oui;Oui;Non;Non
;Non;Oui;Non;Non;Non
;Non;Non;Oui;Oui;Non
;Oui;Non;Non;Non;Non
;Non;Oui;Oui;Non;Non
;Non;Oui;Non;Oui;Non
;Non;Oui;Non;Non;Non
;Non;Oui;Non;Non;Non
;Non;Oui;Oui;Oui;Non
;Non;Non;Non;Non;Non
;Non;Non;Non;Non;Non
;Non;Non;Non;Oui;Non
;Non;Oui;Non;Non;Non
;Non;Oui;Non;Non;Non
;Non;Non;Oui;Non;Non
;Non;Oui;Non;Non;Non
;Non;Oui;Oui;Non;Non
;Non;Non;Oui;Oui;Non
;Non;Oui;Non;Non;Non
;Non;Oui;Non;Non;Non
;Non;Oui;Non;Non;Non
;Non;Non;Non;Non;Non
;Non;Non;Non;Non;Non
;Non;Oui;Non;Non;Non
;Non;Oui;Non;Non;Non
;Non;Non;Oui;Oui;Oui
;Non;Non;Oui;Oui;Non
;Non;Oui;Oui;Non;Non
;Non;Non;Oui;Non;Non
;Non;Oui;Non;Non;Non
;Non;Non;Oui;Non;Non
;Non;Oui;Non;Oui;Non
;Non;Oui;Non;Non;Non
;Non;Non;Non;Non;Non
;Non;Oui;Non;Non;Non
;Oui;Non;Non;Oui;Oui
;Non;Non;Oui;Non;Non
;Non;Oui;Non;Non;Non
;Non;Oui;Oui;Non;Non
;Non;Oui;Oui;Non;Non
;Non;Non;Oui;Oui;Non
;Non;Oui;Oui;Non;Non
;Non;Oui;Non;Non;Non
;Non;Non;Oui;Non;Non
;Non;Oui;Non;Non;Non
;Non;Oui;Non;Non;Non
;Non;Non;Oui;Non;Non
;Non;Oui;Oui;Non;Non
;Non;Oui;Non;Non;Non
;Non;Oui;Non;Oui;Non
;Non;Oui;Non;Non;Non
;Non;Non;Non;Oui;Non
;Non;Non;Non;Non;Non
;Non;Non;Non;Non;Oui
;Non;Non;Oui;Non;Non
;Non;Oui;Oui;Non;Non
;Non;Oui;Non;Non;Non
;Non;Non;Non;Non;Non
;Non;Non;Non;Oui;Non
;Non;Non;Oui;Oui;Non
;Non;Non;Oui;Non;Non
;Non;Non;Non;Non;Oui
;Non;Non;Non;Oui;Non
;Non;Non;Oui;Oui;Oui
;Non;Oui;Oui;Non;Oui
;Non;Non;Oui;Non;Non
;Non;Non;Non;Oui;Non
;Non;Non;Non;Non;Oui
;Non;Non;Non;Oui;Non
;Non;Non;Non;Oui;Non
;Non;Non;Non;Non;Oui
;Non;Non;Oui;Non;Non
;Non;Non;Oui;Oui;Non
;Non;Oui;Oui;Non;Non
;Non;Non;Oui;Oui;Non
;Non;Non;Oui;Non;Non
;Non;Non;Oui;Non;Non
;Non;Oui;Non;Non;Non
;Non;Oui;Non;Non;Non
;Non;Oui;Oui;Non;Non
;Non;Non;Non;Non;Non
;Non;Oui;Non;Non;Non
;Non;Non;Non;Non;Non
;Non;Non;Non;Non;Non
;Non;Non;Non;Non;Non
;Non;Non;Non;Non;Non
;Non;Non;Non;Non;Non
;Non;Oui;Oui;Non;Non
;Non;Oui;Oui;Oui;Non
;Non;Non;Non;Oui;Non
;Non;Non;Non;Oui;Non
;Non;Non;Non;Oui;Oui
;Non;Oui;Non;Non;Non
;Non;Non;Non;Non;Non
;Non;Non;Non;Oui;Non
;Non;Non;Oui;Non;Oui
;Non;Oui;Non;Non;Non
;Non;Oui;Non;Non;Non
;Non;Oui;Non;Non;Non
;Non;Oui;Non;Non;Non
;Oui;Non;Non;Non;Non
;Non;Non;Non;Non;Non
;Non;Oui;Non;Non;Non
;Non;Non;Non;Non;Non
;Non;Non;Non;Non;Non
;Non;Non;Non;Non;Non
;Non;Oui;Non;Non;Non
;Non;Non;Oui;Non;Non
;Oui;Oui;Non;Non;Non
;Non;Oui;Oui;Oui;Non
;Non;Non;Oui;Oui;Non
;Non;Non;Non;Non;Non
;Non;Oui;Non;Non;Non
;Non;Non;Non;Non;Non
;Non;Oui;Non;Non;Non
;Non;Non;Non;Oui;Non
;Non;Non;Oui;Oui;Non
;Non;Oui;Oui;Non;Non
;Non;Non;Oui;Non;Non
;Non;Non;Oui;Non;Non
;Non;Non;Oui;Non;Non
;Non;Non;Non;Non;Non
;Non;Oui;Non;Non;Non
;Non;Non;Non;Non;Oui
;Non;Non;Oui;Non;Non
;Non;Non;Oui;Non;Non
;Non;Oui;Oui;Non;Non
;Non;Oui;Non;Non;Non
;Non;Oui;Non;Non;Non
;Oui;Non;Non;Non;Non
;Non;Non;Oui;Non;Non
;Non;Oui;Non;Non;Non
;Non;Oui;Non;Non;Non
;Non;Non;Non;Non;Oui
;Non;Non;Non;Oui;Oui
;Non;Non;Non;Non;Non
;Non;Oui;Non;Non;Non
;Non;Non;Non;Oui;Non
;Non;Non;Oui;Non;Non
;Non;Non;Oui;Non;Non
;Non;Non;Oui;Non;Non
;Non;Non;Non;Oui;Non
;Non;Oui;Non;Non;Non
;Non;Oui;Non;Non;Non
;Non;Oui;Oui;Oui;Non
;Non;Non;Non;Non;Non
;Non;Oui;Non;Non;Non
;Non;Non;Non;Non;Non
;Non;Non;Oui;Non;Non
;Non;Oui;Non;Non;Non
;Non;Oui;Non;Non;Non
;Non;Oui;Non;Non;Non
;Oui;Oui;Oui;Oui;Oui
;Non;Oui;Non;Non;Non
;Non;Non;Non;Oui;Non
;Non;Oui;Non;Non;Non
;Non;Oui;Non;Non;Non
;Non;Non;Non;Non;Non
;Non;Oui;Non;Non;Non
;Non;Oui;Oui;Non;Non
;Non;Oui;Non;Non;Non
;Non;Non;Oui;Oui;Non
;Non;Non;Non;Non;Non
;Non;Oui;Non;Non;Non
;Non;Non;Oui;Non;Non
;Non;Non;Non;Non;Non
;Non;Non;Oui;Non;Non
;Non;Non;Oui;Non;Non
;Non;Oui;Non;Non;Non
;Non;Non;Oui;Non;Non
;Non;Oui;Non;Non;Non
;Non;Oui;Non;Non;Non
;Non;Oui;Non;Non;Non
;Non;Non;Non;Non;Non
;Non;Oui;Non;Non;Non
;Non;Non;Non;Oui;Non
;Non;Oui;Non;Non;Non
;Non;Non;Non;Oui;Non
;Non;Oui;Non;Non;Non
;Non;Non;Oui;Oui;Non
;Non;Non;Oui;Non;Non
;Non;Non;Oui;Non;Non
;Non;Non;Non;Oui;Non
;Non;Non;Non;Oui;Non
;Non;Non;Non;Non;Non
;Non;Oui;Non;Oui;Non
;Non;Oui;Non;Non;Non
;Non;Oui;Oui;Non;Non
;Non;Non;Non;Oui;Non
;Non;Non;Oui;Non;Non
;Non;Oui;Oui;Non;Non
;Non;Oui;Non;Non;Non
;Non;Non;Oui;Non;Non
;Non;Non;Non;Non;Non
;Non;Non;Oui;Non;Non
;Non;Non;Non;Non;Non
;Non;Oui;Non;Non;Non
;Non;Oui;Non;Non;Non
;Non;Non;Non;Oui;Non
;Non;Oui;Non;Non;Non
;Non;Oui;Non;Non;Non
;Non;Non;Oui;Non;Non
;Non;Non;Oui;Non;Non
;Non;Non;Oui;Non;Non
;Non;Non;Non;Non;Oui
;Non;Non;Non;Oui;Non
;Non;Non;Non;Non;Non
;Non;Oui;Non;Non;Non
;Non;Non;Non;Oui;Non
;Non;Non;Non;Non;Oui
;Non;Non;Non;Non;Non
;Non;Non;Oui;Non;Non
;Non;Non;Oui;Non;Non
;Non;Oui;Non;Non;Non
;Non;Oui;Non;Non;Non
;Non;Non;Non;Non;Oui
;Non;Non;Oui;Oui;Non
;Non;Oui;Non;Non;Non
;Non;Non;Non;Non;Non
;Non;Non;Oui;Non;Non
;Non;Oui;Non;Non;Non
;Oui;Non;Non;Non;Non
;Non;Non;Non;Non;Oui
;Non;Oui;Non;Non;Non
;Non;Oui;Non;Non;Non
;Non;Oui;Non;Non;Non
;Non;Non;Oui;Oui;Non
;Non;Non;Non;Non;Non
;Non;Non;Non;Oui;Non
;Non;Oui;Non;Non;Non
;Non;Oui;Non;Non;Non
;Non;Oui;Non;Non;Non
;Non;Non;Oui;Oui;Non
;Non;Non;Oui;Non;Non
;Non;Non;Oui;Non;Non
;Non;Non;Non;Oui;Non
;Non;Oui;Oui;Non;Non
;Non;Oui;Non;Non;Non
;Non;Non;Non;Non;Non
;Non;Oui;Oui;Non;Non
;Non;Oui;Oui;Non;Non
;Non;Non;Oui;Oui;Non
;Non;Non;Oui;Non;Non
;Non;Oui;Non;Oui;Non
;Non;Non;Oui;Non;Non
;Non;Oui;Oui;Non;Non
;Non;Oui;Non;Non;Non
;Non;Non;Non;Non;
;Non;Non;Oui;Non;Non
;Non;Non;Oui;Non;Non
;Non;Oui;Oui;Non;Non
;Non;Non;Non;Oui;Non
;Non;Non;Non;Oui;Non
;Non;Non;Non;Oui;Non
;Non;Non;Oui;Non;Non
;Non;Oui;Non;Non;Non
;Non;Non;Non;Non;Non
;Non;Oui;Non;Non;Non
;Non;Oui;Non;Non;Non
;Non;Oui;Non;Non;Non
;Non;Oui;Non;Non;Non
;Non;Non;Non;Non;Non
;Non;Oui;Oui;Non;Non
;Non;Non;Non;Oui;Non
;Non;Non;Non;Oui;Non
;Non;Non;Oui;Oui;Non
;Non;Oui;Oui;Non;Non
;Non;Non;Non;Non;Non
;Non;Oui;Non;Non;Non
;Non;Non;Oui;Non;Non
;Non;Oui;Non;Non;Non
;Non;Non;Non;Non;Oui
;Non;Non;Non;Non;Non
;Non;Non;Oui;Oui;Non
;Non;Non;Non;Non;Oui
;Non;Non;Non;Oui;Non
;Non;Oui;Oui;Non;Non
;Non;Non;Oui;Non;Non
;Non;Oui;Non;Non;Non
;Non;Oui;Oui;Non;Non
;Non;Oui;Oui;Non;Non
;Non;Non;Oui;Non;Non
;Non;Non;Oui;Oui;Non
;Non;Oui;Non;Non;Non
;Non;Oui;Non;Non;Non
;Non;Non;Non;Non;Oui
;Non;Oui;Non;Non;Non
;Non;Oui;Non;Oui;Non
;Non;Oui;Oui;Non;Non
;Non;Oui;Non;Non;Non
;Non;Non;Non;Oui;Non
;Non;Non;Oui;Oui;Non
;Non;Non;Oui;Oui;Non
;Non;Non;Oui;Non;Non
;Non;Non;Non;Oui;Non
;Non;Non;Non;Oui;Non
;Non;Non;Oui;Non;Non
;Non;Non;Non;Non;Non
;Non;Non;Non;Oui;Non
;Non;Oui;Non;Non;Non
;Non;Non;Non;Oui;Non
;Non;Oui;Non;Non;Non
;Non;Non;Oui;Non;Non
;Non;Non;Oui;Non;Non
;Non;Oui;Oui;Non;Non
;Non;Non;Non;Oui;Non
;Non;Non;Non;Non;Non
;Non;Non;Oui;Non;Non
;Non;Non;Non;Non;Non
;Non;Non;Oui;Oui;Non
;Non;Non;Non;Non;Non
;Non;Oui;Non;Non;Non
;Non;Non;Oui;Non;Non
;Non;Non;Oui;Non;Non
;Non;Non;Oui;Non;Non
;Non;Non;Non;Non;Non
;Non;Non;Oui;Oui;Non
;Non;Oui;Non;Oui;Non
;Non;Non;Oui;Non;Non
;Non;Non;Non;Non;Non
;Non;Oui;Oui;Non;Non
;Non;Oui;Non;Non;Non
;Non;Oui;Non;Non;Non
;Non;Non;Oui;Non;Non
;Non;Oui;Oui;Oui;Non
;Non;Non;Non;Non;Non
;Non;Non;Oui;Oui;Non
;Non;Non;Non;Oui;Non
;Non;Non;Oui;Non;Non
;Non;Non;Oui;Oui;Non
;Non;Non;Non;Oui;Non
;Non;Non;Non;Non;Non
;Non;Non;Non;Non;Non
;Non;Oui;Non;Non;Non
;Non;Non;Oui;Non;Non
;Non;Non;Oui;Non;Non
;Non;Oui;Oui;Oui;Non
;Non;Non;Oui;Oui;Non
;Non;Non;Non;Oui;Non
;Non;Oui;Oui;Non;Non
;Non;Oui;Non;Non;Non
;Non;Non;Oui;Oui;Non
;Non;Non;Non;Non;Non
;Non;Oui;Oui;Oui;Non
;Non;Non;Non;Non;Non
;Non;Non;Oui;Oui;Non
;Non;Oui;Oui;Non;Non
;Non;Oui;Non;Non;Non
;Non;Oui;Non;Non;Non
;Non;Oui;Non;Non;Non
;Oui;Non;Non;Non;Non
;Non;Non;Oui;Non;Non
;Non;Oui;Oui;Non;Non
;Non;Oui;Non;Non;Non
;Non;Oui;Non;Non;Non
;Non;Oui;Non;Oui;Non
;Non;Non;Non;Non;Non
;Non;Non;Non;Non;Non
;Non;Oui;Non;Non;Non
;Non;Non;Oui;Oui;Non
;Non;Oui;Non;Non;Non
;Non;Oui;Non;Non;Non
;Non;Oui;Oui;Non;Non
;Non;Non;Oui;Non;Non
;Non;Non;Oui;Non;Non
;Non;Oui;Oui;Non;Non
;Non;Non;Non;Non;Non
;Non;Oui;Non;Oui;Non
;Non;Non;Oui;Non;Non
;Non;Non;Non;Non;Non
;Non;Oui;Non;Non;Non
;Non;Non;Non;Oui;Non
;Non;Non;Non;Non;Non
;Oui;Non;Non;Non;Non
;Non;Non;Non;Oui;Non
;Non;Non;Oui;Non;Non
;Non;Non;Oui;Oui;Non
;Non;Non;Oui;Non;Non
;Non;Non;Oui;Non;Non
;Non;Oui;Non;Non;Non
;Non;Oui;Non;Non;Non
;Non;Non;Non;Oui;Non
;Non;Oui;Non;Non;Non
;Non;Oui;Non;Non;Non
;Non;Non;Oui;Non;Non
;Non;Non;Oui;Non;Non
;Non;Oui;Non;Non;Non
;Non;Oui;Non;Non;Non
;Non;Oui;Non;Non;Non
;Non;Oui;Non;Non;Non
;Non;Non;Non;Non;Non
;Non;Non;Non;Non;Non
;Non;Oui;Non;Oui;Oui
;Non;Oui;Non;Non;Non
;Non;Oui;Non;Non;Non
;Non;Oui;Non;Non;Non
;Non;Non;Non;Non;Non
;Non;Oui;Non;Non;Non
;Non;Non;Oui;Oui;Oui
;Non;Oui;Non;Non;Non
;Non;Non;Oui;Non;Non
;Non;Non;Oui;Non;Non
;Non;Oui;Oui;Non;Non
;Non;Oui;Non;Non;Non
;Non;Oui;Non;Non;Non
;Non;Non;Oui;Oui;Non
;Non;Non;Oui;Oui;Non
;Non;Non;Oui;Non;Non
;Non;Non;Oui;Oui;Non
;Non;Oui;Oui;Non;Non
;Non;Non;Non;Non;Non
;Non;Non;Non;Non;Non
;Non;Non;Non;Oui;Non
;Non;Non;Non;Non;Non
;Non;Non;Oui;Non;Non
;Non;Non;Oui;Non;Non
;Non;Oui;Oui;Non;Non
;Non;Oui;Non;Non;Non
;Non;Non;Oui;Non;Non
;Non;Oui;Non;Non;Non
;Non;Non;Oui;Non;Non
;Non;Oui;Oui;Non;Non
;Non;Non;Non;Non;Non
;Non;Non;Oui;Non;Non
;Non;Oui;Non;Non;Non
;Non;Oui;Non;Non;Non
;Non;Oui;Non;Non;Non
;Non;Oui;Non;Non;Non
;Non;Oui;Non;Non;Non
;Non;Oui;Oui;Non;Non
;Non;Non;Non;Oui;Non
;Non;Oui;Non;Oui;Non
;Non;Non;Non;Non;Non
;Non;Non;Oui;Oui;Non
;Non;Oui;Non;Non;Non
;Non;Non;Non;Oui;Non
;Non;Oui;Non;Non;Non
;Non;Non;Non;Oui;Oui
;Non;Oui;Non;Non;Non
;Non;Oui;Oui;Non;Non
;Non;Oui;Oui;Non;Non
;Non;Non;Non;Oui;Oui
;Non;Non;Non;Non;Non
;Non;Non;Oui;Non;Non
;Non;Non;Oui;Non;Non
;Non;Non;Oui;Non;Non
;Non;Oui;Non;Non;Non
;Non;Non;Non;Non;Non
;Non;Non;Oui;Non;Non
;Non;Oui;Non;Non;Non
;Non;Non;Non;Non;Oui
;Non;Non;Non;Non;Non
;Non;Non;Oui;Non;Non
;Non;Non;Oui;Oui;Non
